Batch, Equipment          , Spectrophotometer, Scale_L, Time_h, OD600 , WCW_mg3mL, pO2_pct , Feed_Rate, Feed_Unit, Volume_mL         , Cumul_Feed_mL       , Cumul_Supplement_mL, WCW_gL              , DCW_gL             , DCW_mass_g          , Vol_Productivity_gLh, mu_raw_h             , mu_smooth_h          , ln_DCW               , growth_phase, OD_WCW_ratio        , Cumul_Glucose_Fed_g , Cumul_Glucose_Consumed_g, Glucose_InReactor_g , Glucose_Conc_gL     , Crabtree_Flag, qs_ggh              , Crabtree_qs_Flag, OUR_growth_mmol_L_h, OUR_maint_mmol_L_h , OUR_gO2_L_h        , OUR_mmol_L_h       , C_star_mmol_L, C_L_mmol_L          , C_L_mgL           , Driving_Force_mmol_L , Driving_Force_mgL   , kLa_h
B01  , KLF2000            , Hitachi 1900U    ,     1.5,      0,   0.8 ,     13.1 , 100.0   ,       0.0, mL/L/h   , 1600.0            ,    0.0              ,                 0.0,   4.366666666666666 ,  1.0916666666666666,   1.7466666666666666,                     , 0.1581543373610731   , 0.1581543373610731   , 0.557709209664841    , exponential , 0.06106870229007634 ,    0.0              ,        0.0              ,  30.0               ,  18.75              , True         , 0.0                 , False           ,  4.316295457145952 ,  1.0916666666666666, 0.17305478796200383,   5.407962123812619,      0.228125, 0.228125            , 7.3               , 0.0                  , 0.0                 ,     
B01  , KLF2000            , Hitachi 1900U    ,     1.5,      6,   3.2 ,     33.9 ,  85.0   ,       0.0, mL/L/h   , 1597.0            ,    0.0              ,                 0.0,  11.299999999999999 ,  2.8249999999999997,   4.511525          ,  0.47083333333333327, 0.12552000224323848  , 0.12552000224323848  , 1.5066352338312796   , exponential , 0.09439528023598821 ,    0.0              ,        6.144129629629629,  23.855870370370372 ,  14.937927595723464 , True         , 0.0                 , False           ,  8.864850158428716 ,  2.8249999999999997, 0.374075205069719  ,  11.689850158428717,      0.228125, 0.19390625          , 6.205             , 0.03421874999999999  , 1.0949999999999998  ,  341.6211918444923
B01  , KLF2000            , Hitachi 1900U    ,     1.5,     12,  10.8 ,     59.3 ,  65.0   ,       5.0, mL/L/h   , 1594.0            ,    0.0              ,                 0.0,  19.766666666666666 ,  4.941666666666666 ,   7.877016666666667 ,  0.41180555555555554, 0.07670867860002156  , 0.08500229007316529  , 2.063949236583703    , exponential , 0.18212478920741992 ,    0.0              ,       13.623000000000001,  16.377             ,  10.274153074027602 , True         , 0.6273187183811131  , True            , 10.501324586122294 ,  4.941666666666666 , 0.49417572008924676,  15.44299125278896 ,      0.228125, 0.14828125          , 4.745             , 0.07984374999999999  , 2.5549999999999997  ,  193.4151546337561
B01  , KLF2000            , Hitachi 1900U    ,     1.5,     18,  21.1 ,     82.9 ,  68.1319,       5.0, mL/L/h   , 1639.53221218894  ,   48.53221218894017 ,                 0.0,  27.633333333333336 ,  6.908333333333334 ,  11.326435032538596 ,  0.38379629629629636, 0.07213516961565097  , 0.07085210121039107  , 2.4271393770315384   , linear      , 0.2545235223160434  ,   30.07184957335715 ,       21.288374146382065,  38.78347542697509  ,  23.655207954222046 , True         , 0.4487334137515078  , True            , 12.236748313211292 ,  6.908333333333334 , 0.6126426126894281 ,  19.14508164654463 ,      0.228125, 0.155425896875      , 4.9736287         , 0.072699103125       , 2.3263713           ,  263.34687532012975
B01  , KLF2000            , Hitachi 1900U    ,     1.5,     24,  42.3 ,    133.2 ,  81.3187,       8.0, mL/L/h   , 1686.4507349069804,   98.45073490698041 ,                 0.0,  44.4               , 11.1               ,  18.719603157467482 ,  0.46249999999999997, 0.0754554779543459   , 0.07303606542861164  , 2.9295712719715143   , linear      , 0.3175675675675676  ,   61.0034909813492  ,       37.71763664622404 ,  53.285854335125165 ,  31.59644882129584  , True         , 0.44684684684684683 , True            , 20.26750815643973  , 11.1               , 1.0037602610060714 ,  31.36750815643973 ,      0.228125, 0.18550828437500003 , 5.936265100000001 , 0.04261671562499997  , 1.363734899999999   ,  736.0376719889416
B01  , KLF2000            , Hitachi 1900U    ,     1.5,     30,  65.0 ,    190.3 ,  63.1868,       8.0, mL/L/h   , 1766.340669155349 ,  181.34066915534893 ,                 0.0,  63.43333333333334  , 15.858333333333334 ,  28.011219111688575 ,  0.5286111111111111 , 0.06529473767502453  , 0.06523776129082032  , 3.3326051124836895   , linear      , 0.34156594850236466 ,  112.38102707379666 ,       58.365672100048684,  84.01535497374796  ,  47.564638260819464 , True         , 0.31276931161324223 , True            , 25.864054111756474 , 15.858333333333334 , 1.3351163982428738 ,  41.72238744508981 ,      0.228125, 0.14414488749999999 , 4.6126363999999995, 0.08398011250000001  , 2.6873636000000003  ,  496.8127119988057
B01  , KLF2000            , Hitachi 1900U    ,     1.5,     36,  74.0 ,    265.8 ,  65.0   ,       8.0, mL/L/h   , 1850.1572353888012,  268.1572353888012  ,                 0.0,  88.60000000000001  , 22.150000000000002 ,  40.98098276386195  ,  0.6152777777777778 , 0.048504562303505194 , 0.047924745030053194 , 3.713108124071809    , linear      , 0.2784048156508653  ,  166.1945158934136  ,       87.18736910487841 , 109.0071467885352   ,  58.917774502353524 , True         , 0.2239277652370203  , False           , 26.53832756039196  , 22.150000000000002 , 1.5580264819325427 ,  48.68832756039196 ,      0.228125, 0.14828125          , 4.745             , 0.07984374999999999  , 2.5549999999999997  ,  609.7951005606822
B01  , KLF2000            , Hitachi 1900U    ,     1.5,     42,  89.0 ,    310.4 ,  76.9231,      10.0, mL/L/h   , 1938.0934296198054,  359.0934296198055  ,                 0.0, 103.46666666666665  , 25.866666666666664 ,  50.13201671283229  ,  0.6158730158730158 , 0.03260128984798921  , 0.035693998346569264 , 3.914659860125752    , linear      , 0.2867268041237114  ,  222.56368578874168 ,      107.52300010259027 , 145.0406856861514   ,  74.83678726190405  , True         , 0.23969072164948457 , False           , 23.082118930781455 , 25.866666666666664 , 1.5663611391183399 ,  48.94878559744812 ,      0.228125, 0.175480821875      , 5.6153863         , 0.052644178124999996 , 1.6846136999999999  ,  929.8043457193421
B01  , KLF2000            , Hitachi 1900U    ,     1.5,     48, 123.0 ,    353.9 ,  62.6374,      10.0, mL/L/h   , 2054.876738089474 ,  478.87673808947443 ,                 0.0, 117.96666666666665  , 29.491666666666664 ,  60.60173980082207  ,  0.6144097222222221 , 0.031865793173618484 , 0.02876842030831022  , 4.104323602247679    , linear      , 0.3475558067250636  ,  296.8329309081343  ,      130.78905140923422 , 196.04387949890008  ,  95.40420399190089  , True         , 0.21022887821418484 , False           , 21.21071655648122  , 29.491666666666664 , 1.6224762631407323 ,  50.70238322314788 ,      0.228125, 0.14289156875       , 4.5725302         , 0.08523343124999999  , 2.7274697999999997  ,  594.8649782082765
B01  , KLF2000            , Hitachi 1900U    ,     1.5,     54, 135.0 ,    404.7 ,  58.7912,      10.0, mL/L/h   , 2178.8778054394647,  605.8778054394647  ,                 0.0, 134.9               , 33.725             ,  73.48265398844596  ,  0.6245370370370371 , 0.024497345995434405 , 0.02522865733956143  , 4.297049378209174    , linear      , 0.3335804299481097  ,  375.58076541777257 ,      159.41330515950955 , 246.16746025826302  , 112.97901132579241  , True         , 0.18383988139362487 , False           , 21.27091171941773  , 33.725             , 1.7598691750213675 ,  54.995911719417734,      0.228125, 0.13411742499999998 , 4.2917575999999995, 0.09400757500000001  , 3.0082424000000003  ,  585.0157470758896
B01  , KLF2000            , Hitachi 1900U    ,     1.5,     60, 151.0 ,    422.3 ,  65.0   ,      12.0, mL/L/h   , 2310.5427231869385,  740.5427231869387  ,                 0.0, 140.76666666666668  , 35.19166666666667  ,  81.31184933348702  ,  0.5865277777777779 , 0.024831238790408328 , 0.028778886858596593 , 4.3982917541928925   , linear      , 0.3575657115794459  ,  459.0839872502237  ,      176.81151703737856 , 312.2724702128451   , 135.15113444088442  , True         , 0.21141368695240348 , False           , 25.31942483413613  , 35.19166666666667  , 1.9363549280256895 ,  60.5110915008028  ,      0.228125, 0.14828125          , 4.745             , 0.07984374999999999  , 2.5549999999999997  ,  757.868856370133
B01  , KLF2000            , Hitachi 1900U    ,     1.5,     66, 185.0 ,    479.0 ,  65.0   ,      12.0, mL/L/h   , 2479.9299060083604,  912.9299060083608  ,                 0.0, 159.66666666666666  , 39.916666666666664 ,  98.9905354148337   ,  0.6047979797979798 , 0.0386707963540297   , 0.032614992511043696 , 4.595024243694073    , linear      , 0.3862212943632568  ,  566.0073363338628  ,      216.09748610703787 , 379.9098502268249   , 153.193785560786    , True         , 0.1863883089770355  , False           , 32.54704460997902  , 39.916666666666664 , 2.3188387608526617 ,  72.46371127664568 ,      0.228125, 0.14828125          , 4.745             , 0.07984374999999999  , 2.5549999999999997  ,  907.5689866350928
B01  , KLF2000            , Hitachi 1900U    ,     1.5,     72, 207.0 ,    583.0 ,  65.0   ,      12.0, mL/L/h   , 2661.954889879558 , 1097.954889879558   ,                 0.0, 194.33333333333334  , 48.583333333333336 , 129.3266417333152   ,  0.6747685185185186 , 0.025763449352925072 , 0.02734389429693537  , 4.8623413104412485   , linear      , 0.35506003430531735 ,  680.7742049780811  ,      283.51105570366343 , 427.2631492744177   , 160.50728391334593  , True         , 0.15313893653516292 , False           , 33.21143828148609  , 48.583333333333336 , 2.6174326916742214 ,  81.79477161481942 ,      0.228125, 0.14828125          , 4.745             , 0.07984374999999999  , 2.5549999999999997  , 1024.4354957629048
B01  , KLF2000            , Hitachi 1900U    ,     1.5,     78, 199.0 ,    566.3 ,  89.5604,      15.0, mL/L/h   , 2857.560567956396 , 1296.5605679563962  ,                 0.0, 188.76666666666665  , 47.19166666666666  , 134.8530458028089   ,  0.6050213675213675 , 0.016507673288557845 , 0.016507673288557845 , 4.904185635929174    , linear      , 0.35140384954970866 ,  803.9697899969796  ,      295.79195363587166 , 538.1778363611079   , 188.33470842089253  , True         , 0.19706869150626877 , False           , 19.47561538189647  , 47.19166666666666  , 2.1333530255540203 ,  66.66728204856314 ,      0.228125, 0.20430966250000002 , 6.5379092000000005, 0.023815337499999978 , 0.7620907999999993  , 2799.3423166294915
B01  , KLF2000            , Hitachi 1900U    ,     1.5,     82, 201.0 ,    585.0 ,  70.3297,      15.0, mL/L/h   , 3031.1258426763757, 1473.125842676376   ,                 0.0, 195.0               , 48.75              , 147.7673848304733   ,  0.5945121951219512 , 0.02286341931560476  , 0.02286341931560476  , 4.995639313191593    , linear      , 0.3435897435897436  ,  913.4993572347491  ,      324.4904848084592  , 619.0088724262899   , 204.2174771205564   , True         , 0.0                 , False           , 27.864792290893302 , 48.75              , 2.451673353308586  ,  76.6147922908933  ,      0.228125, 0.160439628125      , 5.1340681         , 0.06768537187499998  , 2.1659318999999995  , 1131.925409708674
B02  , KLF2000            , Hitachi 1900U    ,     1.5,      0,   1.02,     12.3 , 100.0   ,       0.0, mL/L/h   , 1600.0            ,    0.0              ,                 0.0,   4.1000000000000005,  1.0250000000000001,   1.6400000000000003,                     , 0.20034934071884591  , 0.20034934071884591  , 0.4946962418361073   , exponential , 0.08292682926829267 ,    0.0              ,        0.0              ,  30.0               ,  18.75              , True         , 0.0                 , False           ,  5.133951855920428 ,  1.0250000000000001, 0.19708645938945368,   6.158951855920428,      0.228125, 0.228125            , 7.3               , 0.0                  , 0.0                 ,     
B02  , KLF2000            , Hitachi 1900U    ,     1.5,      6,   4.13,     41.0 ,  85.0   ,       0.0, mL/L/h   , 1597.0            ,    0.0              ,                 0.0,  13.666666666666666 ,  3.4166666666666665,   5.456416666666667 ,  0.5694444444444444 , 0.12849173852149745  , 0.12849173852149745  , 1.6967922861491829   , exponential , 0.10073170731707316 ,    0.0              ,        8.480925925925925,  21.519074074074076 ,  13.474686333170993 , True         , 0.0                 , False           , 10.97533599871124  ,  3.4166666666666665, 0.460544085292093  ,  14.392002665377907,      0.228125, 0.19390625          , 6.205             , 0.03421874999999999  , 1.0949999999999998  ,  420.58820574620376
B02  , KLF2000            , Hitachi 1900U    ,     1.5,     12,  14.0 ,     57.7 ,  77.3   ,       5.0, mL/L/h   , 1594.0            ,    0.0              ,                 0.0,  19.233333333333334 ,  4.808333333333334 ,   7.664483333333334 ,  0.40069444444444446, 0.06908758341854848  , 0.07985579698198703  , 2.036597104094077    , exponential , 0.24263431542461003 ,    0.0              ,       13.387740740740742,  16.612259259259258 ,  10.421743575444953 , True         , 0.6447140381282496  , True            ,  9.59933226220969  ,  4.808333333333334 , 0.4610452990573768 ,  14.407665595543024,      0.228125, 0.176340625         , 5.6429            , 0.051784374999999994 , 1.6570999999999998  ,  278.22418626357904
B02  , KLF2000            , Hitachi 1900U    ,     1.5,     18,  24.0 ,     91.5 ,  90.5   ,       5.0, mL/L/h   , 1639.53221218894  ,   48.53221218894017 ,                 0.0,  30.5               ,  7.625             ,  12.50143311794067  ,  0.4236111111111111 , 0.07724381402922557  , 0.0741855501989762   , 2.5258432871717647   , linear      , 0.26229508196721313 ,   30.07184957335715 ,       24.136518039868154,  35.93533153348899  ,  21.918039344595563 , True         , 0.4065573770491803  , True            , 14.141620506679837 ,  7.625             , 0.6965318562137548 ,  21.76662050667984 ,      0.228125, 0.206453125         , 6.6065            , 0.021671875000000007 , 0.6935000000000002  , 1004.3718186211314
B02  , KLF2000            , Hitachi 1900U    ,     1.5,     24,  50.0 ,    137.8 ,  89.2   ,       8.0, mL/L/h   , 1686.4507349069804,   98.45073490698041 ,                 0.0,  45.93333333333334  , 11.483333333333334 ,  19.366075939181826 ,  0.47847222222222224, 0.08243821073263968  , 0.07581864381926166  , 2.9635228724447837   , linear      , 0.36284470246734396 ,   61.0034909813492  ,       39.3912798648485  ,  51.6122111165007   ,  30.60404318264742  , True         , 0.43193033381712626 , True            , 21.76626899644637  , 11.483333333333334 , 1.0639872745529506 ,  33.249602329779705,      0.228125, 0.2034875           , 6.5116            , 0.024637500000000007 , 0.7884000000000002  , 1349.552605977867
B02  , KLF2000            , Hitachi 1900U    ,     1.5,     30,  82.0 ,    228.4 ,  49.2   ,       8.0, mL/L/h   , 1766.340669155349 ,  181.34066915534893 ,                 0.0,  76.13333333333334  , 19.033333333333335 ,  33.61935073625681  ,  0.6344444444444445 , 0.049828298594144615 , 0.05055176776053535  , 3.515101815963441    , linear      , 0.35901926444833626 ,  112.38102707379666 ,       71.06522385834847 ,  71.31580321544817  ,  40.37488603461237  , True         , 0.26059544658493866 , True            , 24.054216159388073 , 19.033333333333335 , 1.378801583767085  ,  43.08754949272141 ,      0.228125, 0.1122375           , 3.5916            , 0.11588749999999999  , 3.7083999999999997  ,  371.8049789038629
B02  , KLF2000            , Hitachi 1900U    ,     1.5,     36,  94.0 ,    228.4 ,  77.3   ,       8.0, mL/L/h   , 1850.1572353888012,  268.1572353888012  ,                 0.0,  76.13333333333334  , 19.033333333333335 ,  35.21465938023352  ,  0.5287037037037038 , 0.021799883335171393 , 0.029883539570074915 , 3.561462455574519    , linear      , 0.4115586690017513  ,  166.1945158934136  ,       74.61035417829672 , 121.58416171511689  ,  65.71558318910479  , True         , 0.26059544658493866 , True            , 14.219584245427315 , 19.033333333333335 , 1.0640933625203408 ,  33.25291757876065 ,      0.228125, 0.176340625         , 5.6429            , 0.051784374999999994 , 1.6570999999999998  ,  642.1419120875873
B02  , KLF2000            , Hitachi 1900U    ,     1.5,     42, 113.0 ,    270.4 ,  86.7   ,      10.0, mL/L/h   , 1938.0934296198054,  359.0934296198055  ,                 0.0,  90.13333333333333  , 22.53333333333333  ,  43.671705280766275 ,  0.5365079365079365 , 0.032298297069259276 , 0.025129559454459188 , 3.7767004159854975   , linear      , 0.4178994082840237  ,  222.56368578874168 ,       93.40378951281394 , 159.15989627592774  ,  82.12189043288281  , True         , 0.27514792899408286 , True            , 14.156318492678674 , 22.53333333333333  , 1.1740688584323842 ,  36.689651826012   ,      0.228125, 0.19778437499999998 , 6.3290999999999995, 0.03034062500000001  , 0.9709000000000003  , 1209.2582742119514
B02  , KLF2000            , Hitachi 1900U    ,     1.5,     48, 123.0 ,    303.0 ,  88.7   ,      10.0, mL/L/h   , 2054.876738089474 ,  478.87673808947443 ,                 0.0, 101.0               , 25.25              ,  51.88563763675922  ,  0.5260416666666666 , 0.020959549169406715 , 0.022293010657229512 , 3.9490420204056305   , linear      , 0.40594059405940597 ,  296.8329309081343  ,      111.6569725261316  , 215.1759583820027   , 104.71477650871799  , True         , 0.24554455445544557 , False           , 14.072462977376128 , 25.25              , 1.258318815276036  ,  39.32246297737613 ,      0.228125, 0.202346875         , 6.4751            , 0.025778124999999985 , 0.8248999999999995  , 1525.4198269802846
B02  , KLF2000            , Hitachi 1900U    ,     1.5,     54, 112.0 ,    309.3 ,  68.4   ,      10.0, mL/L/h   , 2178.8778054394647,  605.8778054394647  ,                 0.0, 103.10000000000001  , 25.775000000000002 ,  56.16057543520221  ,  0.47731481481481486, 0.011054921181279967 , 0.012276814423323911 , 4.028215006018378    , linear      , 0.3621079857743291  ,  375.58076541777257 ,      121.15683430044936 , 284.4239311173232   , 130.53688940576308  , True         , 0.24054316197866144 , False           ,  7.910872294029346 , 25.775000000000002 , 1.0779479134089394 ,  33.68587229402935 ,      0.228125, 0.1560375           , 4.9932            , 0.0720875            , 2.3068              ,  467.2914485039619
B02  , KLF2000            , Hitachi 1900U    ,     1.5,     60, 125.0 ,    307.7 ,  66.9   ,      12.0, mL/L/h   , 2310.5427231869385,  740.5427231869387  ,                 0.0, 102.56666666666666  , 25.641666666666666 ,  59.246166327051746 ,  0.4273611111111111 , 0.010298643959279374 , 0.009197880235558103 , 4.08170107458099     , stationary  , 0.4062398440038999  ,  459.0839872502237  ,      128.01370294900389 , 361.0702843012198   , 156.27076733002124  , True         , 0.29015274618134546 , True            ,  5.896224476002558 , 25.641666666666666 , 1.009212516565415  ,  31.537891142669224,      0.228125, 0.152615625         , 4.8837            , 0.07550937499999999  , 2.4162999999999997  ,  417.66854966908716
B02  , KLF2000            , Hitachi 1900U    ,     1.5,     66, 115.0 ,    307.5 ,  98.9   ,      12.0, mL/L/h   , 2479.9299060083604,  912.9299060083608  ,                 0.0, 102.5               , 25.625             ,  63.54820384146423  ,  0.38825757575757575, 0.012149527200625935 , 0.013217051667747321 , 4.151798733529731    , linear      , 0.37398373983739835 ,  566.0073363338628  ,      137.57378631436495 , 458.43355001949783  , 184.85746266812123  , True         , 0.2903414634146341  , True            ,  8.467173724650628 , 25.625             , 1.09094955918882   ,  34.09217372465063 ,      0.228125, 0.22561562500000001 , 7.2197000000000005, 0.0025093749999999804, 0.08029999999999937 ,     
B02  , KLF2000            , Hitachi 1900U    ,     1.5,     72, 116.0 ,    309.0 ,  68.6   ,      12.0, mL/L/h   , 2661.954889879558 , 1097.954889879558   ,                 0.0, 103.0               , 25.75              ,  68.54533841439861  ,  0.3576388888888889 , 0.022908624045955506 , 0.023523973607610077 , 4.227495400988501    , linear      , 0.37540453074433655 ,  680.7742049780811  ,      148.6785298097747  , 562.0956751683065   , 211.15897842796988  , True         , 0.28893203883495144 , True            , 15.143558009898987 , 25.75              , 1.3085938563167676 ,  40.89355800989899 ,      0.228125, 0.15649375          , 5.0078            , 0.07163125000000001  , 2.2922000000000002  ,  570.8899120132481
B02  , KLF2000            , Hitachi 1900U    ,     1.5,     78, 122.0 ,    351.3 ,  20.0   ,      15.0, mL/L/h   , 2857.560567956396 , 1296.5605679563962  ,                 0.0, 117.10000000000001  , 29.275000000000002 ,  83.6550856269235   ,  0.3753205128205129 , 0.03642253551948774  , 0.03431201690837402  , 4.426702222081197    , linear      , 0.34728152576145743 ,  803.9697899969796  ,      182.25574583760775 , 651.7140441593718   , 228.06657240005575  , True         , 0.31767719897523483 , True            , 25.11210737481624  , 29.275000000000002 , 1.7403874359941196 ,  54.38710737481624 ,      0.228125, 0.045625            , 1.46              , 0.1825               , 5.84                ,  298.01154725926705
B02  , KLF2000            , Hitachi 1900U    ,     1.5,     84, 145.0 ,    407.7 ,  20.0   ,      15.0, mL/L/h   , 3123.458455332622 , 1565.4584553326226  ,                 0.0, 135.9               , 33.975             , 106.11950101992583  ,  0.4044642857142857 , 0.03935878442613894  , 0.04036315592941477  , 4.664565827222354    , linear      , 0.35565366691194505 ,  970.8402207467432  ,      232.17666893316851 , 768.6635518135747   , 246.0937332146198   , True         , 0.27373068432671077 , True            , 34.283455567546675 , 33.975             , 2.1842705781614935 ,  68.25845556754668 ,      0.228125, 0.045625            , 1.46              , 0.1825               , 5.84                ,  374.01893461669414
B02  , KLF2000            , Hitachi 1900U    ,     1.5,     90, 168.0 ,    471.5 ,  57.9   ,      15.0, mL/L/h   , 3414.3774677114247, 1859.377467711425   ,                 0.0, 157.16666666666666  , 39.291666666666664 , 134.1565813354947   ,  0.43657407407407406, 0.04300761070048561  , 0.04300761070048561  , 4.899007635194864    , linear      , 0.3563096500530223  , 1153.245842999672   ,      294.4812918566549  , 888.7645511430171   , 260.3006139619164   , True         , 0.23669141039236483 , False           , 42.24601759433117  , 39.291666666666664 , 2.6092058963519307 ,  81.53768426099784 ,      0.228125, 0.13208437499999998 , 4.226699999999999 , 0.09604062500000002  , 3.0733000000000006  ,  848.9916039280025
B02  , KLF2000            , Hitachi 1900U    ,     1.5,     96, 195.0 ,    571.6 ,  52.9   ,      15.0, mL/L/h   , 3732.672105546237 , 2180.6721055462376  ,                 0.0, 190.53333333333333  , 47.63333333333333  , 177.79961462751908  ,  0.49618055555555557, 0.046941586738886265 , 0.046941586738886265 , 5.1806571556281815   , linear      , 0.341147655703289   , 1352.6485260935608  ,      391.46581028337573 , 991.1827158101851   , 265.5424017388037   , True         , 0.0                 , False           , 55.89960620822373  , 47.63333333333333  , 3.3130540653298257 , 103.53293954155706 ,      0.228125, 0.120678125         , 3.8617            , 0.107446875          , 3.4383              ,  963.573296492402
B03  , KLF2000            , Hitachi 1900U    ,     1.5,      0,   1.23,      7.2 ,  99.7   ,       0.0, mL/L/h   , 1600.0            ,    0.0              ,                 0.0,   2.4               ,  0.6               ,   0.96              ,                     , 0.19754815433278247  , 0.19754815433278247  , -0.040821994520255166, exponential , 0.17083333333333334 ,    0.0              ,        0.0              ,  30.0               ,  18.75              , True         , 0.0                 , False           ,  2.9632223149917367,  0.6               , 0.11402311407973557,   3.563222314991737,      0.228125, 0.227440625         , 7.2781            , 0.0006843749999999871, 0.021899999999999586,     
B03  , KLF2000            , Hitachi 1900U    ,     1.5,      6,   5.42,     23.6 ,  90.9   ,       0.0, mL/L/h   , 1597.0            ,    0.0              ,                 0.0,   7.866666666666667 ,  1.9666666666666668,   3.140766666666667 ,  0.3277777777777778 , 0.16217612511614152  , 0.16217612511614152  , 1.1444669314764395   , exponential , 0.22966101694915253 ,    0.0              ,        4.846148148148148,  25.15385185185185  ,  15.750689951065656 , True         , 0.0                 , False           ,  7.973659484876959 ,  1.9666666666666668, 0.31809043684939603,   9.940326151543626,      0.228125, 0.207365625         , 6.6357            , 0.020759374999999997 , 0.6642999999999999  ,  478.8355213749753
B03  , KLF2000            , Hitachi 1900U    ,     1.5,     12,  14.9 ,     50.6 ,  80.5   ,       5.0, mL/L/h   , 1594.0            ,    0.0              ,                 0.0,  16.866666666666667 ,  4.216666666666667 ,   6.721366666666667 ,  0.3513888888888889 , 0.10628404092473946  , 0.11159014909297334  , 1.9052915068734428   , exponential , 0.29446640316205536 ,    0.0              ,       12.803037037037038,  17.196962962962964 ,  10.788558947906502 , True         , 0.7351778656126482  , True            , 11.763461550217606 ,  4.216666666666667 , 0.5113641029402968 ,  15.980128216884273,      0.228125, 0.183640625         , 5.8765            , 0.04448437499999999  , 1.4234999999999998  ,  359.23013905184183
B03  , KLF2000            , Hitachi 1900U    ,     1.5,     18,  24.3 ,     82.3 ,  79.6   ,       5.0, mL/L/h   , 1639.53221218894  ,   48.53221218894017 ,                 0.0,  27.433333333333334 ,  6.858333333333333 ,  11.244458421929147 ,  0.38101851851851853, 0.07979471777876128  , 0.08088232313466279  , 2.419875422573313    , linear      , 0.2952612393681653  ,   30.07184957335715 ,       22.85435204873144 ,  37.21749752462571  ,  22.700070939708233 , True         , 0.45200486026731473 , True            , 13.86794832079739  ,  6.858333333333333 , 0.6632410129321832 ,  20.726281654130723,      0.228125, 0.18158749999999999 , 5.8107999999999995, 0.04653750000000001  , 1.4892000000000003  ,  445.3673199920649
B03  , KLF2000            , Hitachi 1900U    ,     1.5,     24,  46.8 ,    124.6 ,  75.4   ,       8.0, mL/L/h   , 1686.4507349069804,   98.45073490698041 ,                 0.0,  41.53333333333333  , 10.383333333333333 ,  17.510980130784144 ,  0.43263888888888885, 0.07072637640233052  , 0.06706966539102942  , 2.862828120218578    , linear      , 0.3756019261637239  ,   61.0034909813492  ,       36.779955846186986,  54.223535135162216 ,  32.15245723626372  , True         , 0.4776886035313002  , True            , 17.41016730775472  , 10.383333333333333 , 0.8893920205148177 ,  27.793500641088052,      0.228125, 0.17200625          , 5.5042            , 0.056118749999999995 , 1.7957999999999998  ,  495.26229007396023
B03  , KLF2000            , Hitachi 1900U    ,     1.5,     30,  79.2 ,    178.5 ,  63.7   ,       8.0, mL/L/h   , 1766.340669155349 ,  181.34066915534893 ,                 0.0,  59.5               , 14.875             ,  26.274317453685814 ,  0.49583333333333335, 0.05440850836738705  , 0.05643960778331655  , 3.2685919394012792   , linear      , 0.44369747899159667 ,  112.38102707379666 ,       56.254038785968476,  86.12698828782817  ,  48.760122999949644 , True         , 0.3334453781512605  , True            , 20.988479144420843 , 14.875             , 1.1476313326214669 ,  35.86347914442084 ,      0.228125, 0.145315625         , 4.6501            , 0.08280937499999999  , 2.6498999999999997  ,  433.08477022584515
B03  , KLF2000            , Hitachi 1900U    ,     1.5,     36,  98.9 ,    218.19,  52.5   ,       8.0, mL/L/h   , 1850.1572353888012,  268.1572353888012  ,                 0.0,  72.73              , 18.1825            ,  33.64048393245688  ,  0.5050694444444445 , 0.0488322337110508   , 0.049084252181874295 , 3.5157302206272227   , linear      , 0.4532746688665842  ,  166.1945158934136  ,       72.62329762768195 , 123.57121826573166  ,  66.78957653010707  , True         , 0.2727897703836106  , True            , 22.311860382423234 , 18.1825            , 1.2958195322375434 ,  40.49436038242323 ,      0.228125, 0.119765625         , 3.8325            , 0.108359375          , 3.4675              ,  373.7042630822043
B03  , KLF2000            , Hitachi 1900U    ,     1.5,     42, 127.6 ,    292.3 ,  49.5   ,      10.0, mL/L/h   , 1938.0934296198054,  359.0934296198055  ,                 0.0,  97.43333333333334  , 24.358333333333334 ,  47.208725789822424 ,  0.5799603174603175 , 0.04829251261793092  , 0.0480741803062128   , 3.8545787439338888   , linear      , 0.4365378036264112  ,  222.56368578874168 ,      102.77494619960538 , 149.7887395891363   ,  77.2866453700946   , True         , 0.2545330140266849  , True            , 29.275172715637503 , 24.358333333333334 , 1.7162721935670668 ,  53.63350604897084 ,      0.228125, 0.11292187499999999 , 3.6134999999999997, 0.115203125          , 3.6865              ,  465.5559998825625
B03  , KLF2000            , Hitachi 1900U    ,     1.5,     48, 148.1 ,    350.7 ,  43.5   ,      10.0, mL/L/h   , 2054.876738089474 ,  478.87673808947443 ,                 0.0, 116.89999999999999  , 29.224999999999998 ,  60.05377267066488  ,  0.6088541666666666 , 0.04414408977969586  , 0.04123083925968924  , 4.095240372042394    , linear      , 0.4222982606216139  ,  296.8329309081343  ,      131.31949482369973 , 195.51343608443457  ,  95.14606519231592  , True         , 0.21214713430282295 , False           , 30.12428193411045  , 29.224999999999998 , 1.8991770218915343 ,  59.349281934110444,      0.228125, 0.099234375         , 3.1755            , 0.12889062499999998  , 4.124499999999999   ,  460.46236438150913
B03  , KLF2000            , Hitachi 1900U    ,     1.5,     54, 163.7 ,    441.6 ,  41.4   ,      10.0, mL/L/h   , 2178.8778054394647,  605.8778054394647  ,                 0.0, 147.20000000000002  , 36.800000000000004 ,  80.18270324017232  ,  0.6814814814814816 , 0.03028892019139236  , 0.034361503549679366 , 4.384307821290239    , linear      , 0.3706974637681159  ,  375.58076541777257 ,      176.05045164482738 , 229.5303137729452   , 105.3433621655761   , True         , 0.1684782608695652  , False           , 31.61258326570502  , 36.800000000000004 , 2.189202664502561  ,  68.41258326570502 ,      0.228125, 0.09444374999999999 , 3.0221999999999998, 0.13368125           , 4.2778              ,  511.7590033434384
B03  , KLF2000            , Hitachi 1900U    ,     1.5,     60, 174.8 ,    448.6 ,  39.5   ,      12.0, mL/L/h   , 2310.5427231869385,  740.5427231869387  ,                 0.0, 149.53333333333333  , 37.38333333333333  ,  86.37578880180506  ,  0.6230555555555556 , 0.034616881581477944 , 0.03338000621731925  , 4.458707414339102    , linear      , 0.3896567097637093  ,  459.0839872502237  ,      189.81286400401126 , 299.2711232462124   , 129.52416773900933  , True         , 0.19901917075345518 , False           , 31.196397477269613 , 37.38333333333333  , 2.194551385939294  ,  68.57973081060294 ,      0.228125, 0.090109375         , 2.8835            , 0.13801562499999998  , 4.416499999999999   ,  496.8983099602161
B03  , KLF2000            , Hitachi 1900U    ,     1.5,     66, 187.3 ,    587.8 ,  33.6   ,      12.0, mL/L/h   , 2479.9299060083604,  912.9299060083608  ,                 0.0, 195.9333333333333   , 48.98333333333333  , 121.4752332293095   ,  0.742171717171717  , 0.03750437916506192  , 0.03612426667800591  , 4.7997104002679745   , linear      , 0.31864579789043895 ,  566.0073363338628  ,      267.8116293984656  , 328.1957069353972   , 132.34071904219812  , True         , 0.15188839741408644 , False           , 44.23717490277473  , 48.98333333333333  , 2.983056263555458  ,  93.22050823610806 ,      0.228125, 0.07665000000000001 , 2.4528000000000003, 0.15147499999999997  , 4.847199999999999   ,  615.4184402449782
B03  , KLF2000            , Hitachi 1900U    ,     1.5,     72, 195.3 ,    610.7 ,  31.3   ,      12.0, mL/L/h   , 2661.954889879558 , 1097.954889879558   ,                 0.0, 203.5666666666667   , 50.89166666666667  , 135.47132093745384  ,  0.7068287037037038 , 0.03375803073910507  , 0.03639504082591776  , 4.908759964319845    , linear      , 0.3197969543147208  ,  680.7742049780811  ,      298.9140465276752  , 411.8601584504059   , 154.72093836610463  , True         , 0.1461928934010152  , False           , 46.30510715080829  , 50.89166666666667  , 3.110296762159199  ,  97.19677381747496 ,      0.228125, 0.071403125         , 2.2849            , 0.156721875          , 5.0151              ,  620.1863895354427
B03  , KLF2000            , Hitachi 1900U    ,     1.5,     78, 218.4 ,    764.9 ,  33.4   ,      15.0, mL/L/h   , 2857.560567956396 , 1296.5605679563962  ,                 0.0, 254.96666666666667  , 63.74166666666667  , 182.14567320248727  ,  0.8172008547008547 , 0.03428576644955513  , 0.03428576644955513  , 5.204806769137235    , linear      , 0.28552751993724673 ,  803.9697899969796  ,      402.63482933886064 , 431.3349606581189   , 150.9451682301842   , True         , 0.1459014250228788  , False           , 54.635797410968166 , 63.74166666666667  , 3.7880788504843146 , 118.37746407763483 ,      0.228125, 0.07619374999999999 , 2.4381999999999997, 0.15193125000000002  , 4.861800000000001   ,  779.1515180559287
B03  , KLF2000            , Hitachi 1900U    ,     1.5,     84, 231.6 ,    785.37,  31.4   ,      15.0, mL/L/h   , 3123.458455332622 , 1565.4584553326226  ,                 0.0, 261.79              , 65.4475            , 204.4225472553818   ,  0.7791369047619048 , 0.019230398762878576 , 0.019230398762878576 , 5.320189161714507    , linear      , 0.29489285305015467 ,  970.8402207467432  ,      452.1389939008485  , 548.7012268458947   , 175.671050117253    , True         , 0.0                 , False           , 31.464538075837392 , 65.4475            , 3.1011852184267967 ,  96.9120380758374  ,      0.228125, 0.07163125          , 2.2922            , 0.15649375           , 5.0078              ,  619.2709809550695
B04  , Sartorius BIOSTAT B, LABMAN LMSP-V325 ,     2.0,      0,   1.3 ,    104.0 , 100.0   ,          , mL/h     , 1700.0            ,    0.0              ,                 0.0,  34.666666666666664 ,  8.666666666666666 ,  14.733333333333333 ,                     , 0.04684942020095847  , 0.04684942020095847  , 2.690112500415543    , linear      , 0.0125              ,    0.0              ,        0.0              ,  30.0               ,  17.647058823529413 , True         , 0.0                 , False           , 10.150707710207666 ,  8.666666666666666 , 0.6021559800599787 ,  18.817374376874334,      0.228125, 0.228125            , 7.3               , 0.0                  , 0.0                 ,     
B04  , Sartorius BIOSTAT B, LABMAN LMSP-V325 ,     2.0,      6,   5.5 ,    138.0 ,  85.0   ,          , mL/h     , 1697.0            ,    0.0              ,                 0.0,  46.0               , 11.5               ,  19.5155            ,  1.9166666666666667 , 0.0376172504337024   , 0.0376172504337024   , 2.9712090216212936   , linear      , 0.03985507246376811 ,    0.0              ,       10.627037037037038,  19.372962962962962 ,  11.416006460202098 , True         , 0.0                 , False           , 10.814959499689438 , 11.5               , 0.714078703990062  ,  22.314959499689436,      0.228125, 0.19390625          , 6.205             , 0.03421874999999999  , 1.0949999999999998  ,  652.126670310559
B04  , Sartorius BIOSTAT B, LABMAN LMSP-V325 ,     2.0,     12,  17.8 ,    162.0 ,  77.3   ,          , mL/h     , 1714.0            ,    0.0              ,                20.0,  54.0               , 13.5               ,  23.139             ,  1.125              , 0.039503095239628555 , 0.04203326357897795  , 3.141519505619972    , linear      , 0.10987654320987655 ,    0.0              ,       18.67925925925926 ,  11.320740740740739 ,   6.604866243139288 , True         , 0.0                 , False           , 14.186226457905057 , 13.5               , 0.8859592466529618 ,  27.686226457905054,      0.228125, 0.176340625         , 5.6429            , 0.051784374999999994 , 1.6570999999999998  ,  534.6444068873103
B04  , Sartorius BIOSTAT B, LABMAN LMSP-V325 ,     2.0,     18,  27.1 ,    214.0 ,  90.5   ,          , mL/h     , 1758.0            ,   27.00000000000001 ,                40.0,  71.33333333333333  , 17.833333333333332 ,  31.351             ,  0.9907407407407407 , 0.05331734016690498  , 0.048496492283158436 , 3.445246164496836    , linear      , 0.1266355140186916  ,   16.74             ,       36.92814814814815 ,   9.811851851851841 ,   5.581258163738249 , True         , 0.2669771299161111  , True            , 21.6213528095748   , 17.833333333333332 , 1.2625499565730605 ,  39.45468614290814 ,      0.228125, 0.206453125         , 6.6065            , 0.021671875000000007 , 0.6935000000000002  , 1820.5478825855228
B04  , Sartorius BIOSTAT B, LABMAN LMSP-V325 ,     2.0,     24,  48.5 ,    274.0 ,  99.2   ,          , mL/h     , 1921.5            ,  103.5000000000001  ,               130.0,  91.33333333333333  , 22.833333333333332 ,  43.874249999999996 ,  0.9513888888888888 , 0.0503517401379569   , 0.053941510138043956 , 3.7813275876228314   , exponential , 0.177007299270073   ,   64.17             ,       64.75759259259259 ,  29.412407407407414 ,  15.30700359479959  , True         , 0.1271816612249782  , False           , 30.791612037133426 , 22.833333333333332 , 1.7159982518549364 ,  53.62494537046676 ,      0.228125, 0.2263              , 7.2416            , 0.0018249999999999933, 0.058399999999999785,     
B04  , Sartorius BIOSTAT B, LABMAN LMSP-V325 ,     2.0,     30,  77.6 ,    349.0 ,  99.2   ,          , mL/h     , 1972.5            ,  157.50000000000006 ,               130.0, 116.33333333333333  , 29.083333333333332 ,  57.36687499999999  ,  0.9694444444444444 , 0.058141275385586    , 0.057886716353590446 , 4.049467046152319    , exponential , 0.22234957020057305 ,   97.65             ,       94.74120370370369 ,  32.908796296296316 ,  16.68380040369902  , True         , 0.09726867639208167 , False           , 42.08846668208972  , 29.083333333333332 , 2.2774976004935374 ,  71.17180001542305 ,      0.228125, 0.2263              , 7.2416            , 0.0018249999999999933, 0.058399999999999785,     
B04  , Sartorius BIOSTAT B, LABMAN LMSP-V325 ,     2.0,     36, 151.0 ,    517.0 ,  77.3   ,          , mL/h     , 2046.0            ,  234.00000000000006 ,               130.0, 172.33333333333334  , 43.083333333333336 ,  88.1485            ,  1.1967592592592593 , 0.06234027614157828  , 0.0594420680713749   , 4.479022892249864    , exponential , 0.29206963249516443 ,  145.08             ,      163.14481481481482 ,  11.93518518518519  ,   5.833423844176536 , True         , 0.0949534024969228  , False           , 64.02406081854338  , 43.083333333333336 , 3.4274366128600553 , 107.10739415187673 ,      0.228125, 0.176340625         , 5.6429            , 0.051784374999999994 , 1.6570999999999998  , 2068.334206058811
B04  , Sartorius BIOSTAT B, LABMAN LMSP-V325 ,     2.0,     42, 195.0 ,    653.0 ,  86.7   ,          , mL/h     , 2227.5            ,  328.5              ,               220.0, 217.66666666666666  , 54.416666666666664 , 121.21312499999999  ,  1.2956349206349205 , 0.05157292801100155  , 0.05424464251279084  , 4.797550359851258    , exponential , 0.2986217457886677  ,  203.67000000000002 ,      236.62175925925925 ,   0.0               ,   0.0               , False        , 0.09206923755162652 , False           , 73.79531575177587  , 54.416666666666664 , 4.10278343739016   , 128.21198241844252 ,      0.228125, 0.19778437499999998 , 6.3290999999999995, 0.03034062500000001  , 0.9709000000000003  , 4225.752845185044
B04  , Sartorius BIOSTAT B, LABMAN LMSP-V325 ,     2.0,     48, 230.0 ,    796.0 ,  88.7   ,          , mL/h     , 2467.5            ,  481.5              ,               310.0, 265.3333333333333   , 66.33333333333333  , 163.67749999999998  ,  1.3819444444444444 , 0.048275844084629815 , 0.04801635114425726  , 5.097898028381882    , linear      , 0.2889447236180904  ,  298.53000000000003 ,      330.987037037037   ,   0.0               ,   0.0               , False        , 0.10227428938003086 , False           , 79.62711564755995  , 66.33333333333333  , 4.670734367388584  , 145.96044898089326 ,      0.228125, 0.202346875         , 6.4751            , 0.025778124999999985 , 0.8248999999999995  , 5662.182528050173
B04  , Sartorius BIOSTAT B, LABMAN LMSP-V325 ,     2.0,     54, 257.0 ,    909.0 ,  68.4   ,          , mL/h     , 2856.0            ,  692.9999999999998  ,               490.0, 303.0               , 75.75              , 216.34199999999998  ,  1.4027777777777777 , 0.043715634932362135 , 0.04271322743717361  , 5.376860488866816    , linear      , 0.28272827282728275 ,  429.66             ,      448.01925925925923 ,  11.640740740740796 ,   4.0758896151053206, True         , 0.11606622847158667 , False           , 80.88817445914752  , 75.75              , 5.012421582692721  , 156.63817445914754 ,      0.228125, 0.1560375           , 4.9932            , 0.0720875            , 2.3068              , 2172.889536454275
B04  , Sartorius BIOSTAT B, LABMAN LMSP-V325 ,     2.0,     60, 308.0 ,   1072.0 ,  66.9   ,          , mL/h     , 3096.0000000000005,  936.0              ,               490.0, 357.3333333333333   , 89.33333333333333  , 276.576             ,  1.4888888888888887 , 0.03218632876177763  , 0.03156592847198085  , 5.622485647570228    , linear      , 0.2873134328358209  ,  580.32             ,      581.8725925925926  ,  28.447407407407468 ,   9.18843908507993  , True         , 0.0907887886150642  , False           , 70.49724025409056  , 89.33333333333333  , 5.1145783547975645 , 159.83057358742388 ,      0.228125, 0.152615625         , 4.8837            , 0.07550937499999999  , 2.4162999999999997  , 2116.6984045017443
B04  , Sartorius BIOSTAT B, LABMAN LMSP-V325 ,     2.0,     66, 318.0 ,   1115.0 ,  98.9   ,          , mL/h     , 3426.000000000001 , 1179.0000000000002  ,               580.0, 371.6666666666667   , 92.91666666666667  , 318.3325000000001   ,  1.4078282828282829 , 0.019676707890988465 , 0.021737709238645538 , 5.763096434008148    , linear      , 0.2852017937219731  ,  755.98             ,      674.6648148148149  , 111.3151851851851   ,  32.49129748545974  , True         , 0.07887978764342313 , False           , 50.4948870856037   , 92.91666666666667  , 4.589169720072652  , 143.41155375227038 ,      0.228125, 0.22561562500000001 , 7.2197000000000005, 0.0025093749999999804, 0.08029999999999937 ,     
B04  , Sartorius BIOSTAT B, LABMAN LMSP-V325 ,     2.0,     72, 308.0 ,   1123.0 ,  68.6   ,          , mL/h     , 3742.500000000001 , 1408.5              ,               670.0, 374.3333333333333   , 93.58333333333333  , 350.2356250000001   ,  1.2997685185185184 , 0.0194135580190693   , 0.0194135580190693   , 5.858606142262089    , linear      , 0.2742653606411398  ,  923.27             ,      745.5606481481482  , 207.7093518518518   ,  55.50016081545805  , True         , 0.06372852561757529 , False           , 45.41963678211421  , 93.58333333333333  , 4.448095043694321  , 139.00297011544754 ,      0.228125, 0.15649375          , 5.0078            , 0.07163125000000001  , 2.2922000000000002  , 1940.5353126665739
B04  , Sartorius BIOSTAT B, LABMAN LMSP-V325 ,     2.0,     74, 310.0 ,   1149.0 ,  64.7   ,          , mL/h     , 3811.500000000001 , 1480.5              ,               670.0, 383.0               , 95.75              , 364.9511250000001   ,  1.2939189189189189 , 0.020578649122429127 , 0.020578649122429127 , 5.8997634405069475   , linear      , 0.26979982593559615 ,  967.91             ,      778.2617592592593  , 219.64824074074068  ,  57.627768789384916 , True         , 0.0                 , False           , 49.26014133681472  , 95.75              , 4.640324522778071  , 145.0101413368147  ,      0.228125, 0.147596875         , 4.7231            , 0.080528125          , 2.5769              , 1800.7390751593273
B05  , Sartorius BIOSTAT B, LABMAN LMSP-V325 ,     1.0,      0,   1.1 ,     49.0 ,  95.1   ,          , mL/h     , 1600.0            ,    0.0              ,                 0.0,  16.333333333333332 ,  4.083333333333333 ,   6.533333333333333 ,                     , 0.006354762433473178 , 0.006354762433473178 , 1.8769172775683618   , stationary  , 0.022448979591836737,    0.0              ,        0.0              ,  30.0               ,  18.75              , True         , 0.0                 , False           ,  0.6487153317503869,  4.083333333333333 , 0.15142555728267906,   4.73204866508372 ,      0.228125, 0.21694687499999998 , 6.9422999999999995, 0.011178125000000011 , 0.35770000000000035 ,  423.3311637760103
B05  , Sartorius BIOSTAT B, LABMAN LMSP-V325 ,     1.0,      6,   3.6 ,     51.0 ,  85.0   ,          , mL/h     , 1597.0            ,    0.0              ,                 0.0,  17.0               ,  4.25              ,   6.78725           ,  0.7083333333333334 , 0.04157265064034166  , 0.04157265064034166  , 1.9150458521692009   , linear      , 0.07058823529411765 ,    0.0              ,        0.56425925925926 ,  29.43574074074074  ,  18.43189777128412  , True         , 0.0                 , False           ,  4.4170941305363005,  4.25              , 0.2773470121771616 ,   8.6670941305363  ,      0.228125, 0.19390625          , 6.205             , 0.03421874999999999  , 1.0949999999999998  ,  253.28494262754492
B05  , Sartorius BIOSTAT B, LABMAN LMSP-V325 ,     1.0,     12,  19.2 ,     81.0 ,  70.5   ,          , mL/h     , 1594.0            ,    0.0              ,                 0.0,  27.0               ,  6.75              ,  10.759500000000001 ,  0.5625             , 0.04097502395059762  , 0.06541781685450881  , 2.3757890852524617   , exponential , 0.23703703703703702 ,    0.0              ,        9.391481481481483,  20.608518518518515 ,  12.928807100701702 , True         , 0.0                 , False           , 11.039256594198362 ,  6.75              , 0.5692562110143476 ,  17.789256594198363,      0.228125, 0.160828125         , 5.1465            , 0.067296875          , 2.1535              ,  264.34000975822966
B05  , Sartorius BIOSTAT B, LABMAN LMSP-V325 ,     1.0,     18,  30.2 ,     83.0 ,  69.8   ,          , mL/h     , 1604.5            ,   13.499999999999993,                 0.0,  27.666666666666668 ,  6.916666666666667 ,  11.097791666666668 ,  0.3842592592592593 , 0.12625213378029798  , 0.11518133812216717  , 2.4067461395763723   , exponential , 0.363855421686747   ,    8.37             ,       10.143240740740742,  28.226759259259254 ,  17.59224634419399  , True         , 0.2514013673891577  , True            , 19.916773050291408 ,  6.916666666666667 , 0.8586700709426585 ,  26.833439716958075,      0.228125, 0.15923125          , 5.0954            , 0.06889375           , 2.2046              ,  389.49018912394916
B05  , Sartorius BIOSTAT B, LABMAN LMSP-V325 ,     1.0,     24,  51.3 ,    309.0 ,  68.1   ,          , mL/h     , 1901.0            ,   62.99999999999994 ,               250.0, 103.0               , 25.75              ,  48.95075           ,  1.0729166666666667 , 0.133928314333202    , 0.11126277753900421  , 3.8908146906160375   , exponential , 0.16601941747572815 ,   39.06             ,       94.26092592592592 ,   0.0               ,   0.0               , False        , 0.11399212473761892 , False           , 71.62541304073396  , 25.75              , 3.116013217303487  ,  97.37541304073396 ,      0.228125, 0.15535312499999998 , 4.971299999999999 , 0.07277187500000001  , 2.3287000000000004  , 1338.0913030031718
B05  , Sartorius BIOSTAT B, LABMAN LMSP-V325 ,     1.0,     30,  73.0 ,    338.0 ,  36.6   ,          , mL/h     , 1965.5            ,  130.49999999999994 ,               250.0, 112.66666666666667  , 28.166666666666668 ,  55.361583333333336 ,  0.9388888888888889 , 0.029687182491261788 , 0.060438200147466835 , 4.013885911574796    , exponential , 0.21597633136094674 ,   80.91             ,      108.50722222222223 ,   2.4027777777777715,   1.2224766104186067, True         , 0.1511878724566825  , False           , 42.55856593717456  , 28.166666666666668 , 2.2632074433229192 ,  70.72523260384122 ,      0.228125, 0.08349374999999999 , 2.6717999999999997, 0.14463125           , 4.6282              ,  489.00381213493785
B05  , Sartorius BIOSTAT B, LABMAN LMSP-V325 ,     1.0,     36, 120.0 ,    406.0 ,  48.9   ,          , mL/h     , 2066.0            ,  233.99999999999983 ,               250.0, 135.33333333333334  , 33.833333333333336 ,  69.89966666666666  ,  0.9398148148148149 , 0.04364361773540448  , 0.03223968766675267  , 4.247060880511179    , linear      , 0.2955665024630542  ,  145.07999999999998 ,      140.81407407407406 ,  34.26592592592593  ,  16.585636943817004 , True         , 0.15965741372157233 , False           , 27.26940248479497  , 33.833333333333336 , 1.9552875461801056 ,  61.1027358181283  ,      0.228125, 0.11155312499999999 , 3.5696999999999997, 0.116571875          , 3.7303              ,  524.1636185240076
B05  , Sartorius BIOSTAT B, LABMAN LMSP-V325 ,     1.0,     42, 140.0 ,    505.0 ,  35.7   ,          , mL/h     , 2221.0            ,  341.9999999999997  ,               300.0, 168.33333333333334  , 42.083333333333336 ,  93.46708333333335  ,  1.001984126984127  , 0.04715062689083208  , 0.04749001307392339  , 4.53760932439965     , linear      , 0.27722772277227725 ,  212.03999999999996 ,      193.18611111111113 ,  48.85388888888883  ,  21.99634799139524  , True         , 0.11940032364335033 , False           , 49.9634512548569   , 42.083333333333336 , 2.9454971068220877 ,  92.04678458819023 ,      0.228125, 0.081440625         , 2.6061            , 0.14668437499999998  , 4.693899999999999   ,  627.5159476814777
B05  , Sartorius BIOSTAT B, LABMAN LMSP-V325 ,     1.0,     48, 180.0 ,    635.0 ,  38.9   ,          , mL/h     , 2326.0            ,  449.9999999999996  ,               300.0, 211.66666666666666  , 52.916666666666664 , 123.08416666666666  ,  1.1024305555555556 , 0.044607067583684566 , 0.044961411020259336 , 4.812868403201164    , linear      , 0.28346456692913385 ,  278.99999999999994 ,      259.0018518518518  ,  49.99814814814812  ,  21.495334543485864 , True         , 0.09066966371250025 , False           , 59.4801999955514   , 52.916666666666664 , 3.5966997331909787 , 112.39686666221809 ,      0.228125, 0.088740625         , 2.8397            , 0.139384375          , 4.4603              ,  806.3806769031183
B05  , Sartorius BIOSTAT B, LABMAN LMSP-V325 ,     1.0,     54, 220.0 ,    788.0 ,  35.6   ,          , mL/h     , 2431.0            ,  557.9999999999995  ,               300.0, 262.6666666666667   , 65.66666666666667  , 159.63566666666668  ,  1.2160493827160495 , 0.036452291970703245 , 0.0345834108823244   , 5.072894135403865    , linear      , 0.27918781725888325 ,  345.9599999999999  ,      340.22740740740744 ,  35.73259259259248  ,  14.698721757545242 , True         , 0.06990918904923084 , False           , 56.77443286514924  , 65.66666666666667  , 3.918115185018109  , 122.44109953181591 ,      0.228125, 0.0812125           , 2.5988            , 0.1469125            , 4.7012              ,  833.4287384110672
B05  , Sartorius BIOSTAT B, LABMAN LMSP-V325 ,     1.0,     60, 250.0 ,    902.0 ,  30.8   ,          , mL/h     , 2536.0            ,  665.9999999999994  ,               300.0, 300.6666666666667   , 75.16666666666667  , 190.62266666666667  ,  1.2527777777777778 , 0.018991645448590704 , 0.02119173980320805  , 5.250295906849603    , linear      , 0.2771618625277162  ,  412.9199999999999  ,      409.08740740740745 ,  33.83259259259245  ,  13.340927678467054 , True         , 0.058544978911217266, False           , 39.822811046861794 , 75.16666666666667  , 3.6796632868329113 , 114.98947771352847 ,      0.228125, 0.07026249999999999 , 2.2483999999999997, 0.15786250000000002  , 5.0516000000000005  ,  728.4154103319563
B05  , Sartorius BIOSTAT B, LABMAN LMSP-V325 ,     1.0,     66, 260.0 ,    911.0 ,  39.9   ,          , mL/h     , 2641.0            ,  773.9999999999993  ,               300.0, 303.6666666666667   , 75.91666666666667  , 200.4959166666667   ,  1.1502525252525253 , 0.01033408611180279  , 0.00923861913118185  , 5.300793880786953    , stationary  , 0.2854006586169045  ,  479.8799999999999  ,      431.02796296296304 ,  78.85203703703684  ,  29.856886420687935 , True         , 0.05566198147842577 , False           , 17.534129226055555 , 75.91666666666667  , 2.9904254685671114 ,  93.45079589272223 ,      0.228125, 0.09102187499999999 , 2.9126999999999996, 0.137103125          , 4.3873              ,  681.6095248939237
B05  , Sartorius BIOSTAT B, LABMAN LMSP-V325 ,     1.0,     72, 280.0 ,    943.0 ,  31.8   ,          , mL/h     , 2746.0            ,  881.9999999999992  ,               300.0, 314.3333333333333   , 78.58333333333333  , 215.78983333333332  ,  1.0914351851851851 , 0.0029208045842597694, 0.003013015227074529 , 5.374304940191236    , stationary  , 0.29692470837751855 ,  546.8399999999999  ,      465.01444444444445 , 111.82555555555547  ,  40.72307194302821  , True         , 0.05171698697575341 , False           ,  5.919319498190167 , 78.58333333333333  , 2.7040848906087516 ,  84.50265283152349 ,      0.228125, 0.07254375          , 2.3214            , 0.15558125           , 4.9786              ,  543.1416242736415
B05  , Sartorius BIOSTAT B, LABMAN LMSP-V325 ,     1.0,     78, 240.0 ,    874.0 ,  39.6   ,          , mL/h     , 2851.0            ,  989.9999999999991  ,               300.0, 291.3333333333333   , 72.83333333333333  , 207.64783333333332  ,  0.9337606837606837 , 0.0019734395971262586, 0.0035577652866415105, 5.3358435357980705   , stationary  , 0.2745995423340961  ,  613.8              ,      465.01444444444445 , 178.7855555555555   ,  62.709770450913894 , True         , 0.053744842028209616, False           ,  6.478097626093083 , 72.83333333333333  , 2.5379657907016453 ,  79.31143095942642 ,      0.228125, 0.0903375           , 2.8908            , 0.1377875            , 4.4092              ,  575.6068653500964
B05  , Sartorius BIOSTAT B, LABMAN LMSP-V325 ,     1.0,     84, 246.0 ,    897.0 ,  29.4   ,          , mL/h     , 2956.0            , 1097.999999999999   ,               300.0, 299.0               , 74.75              , 220.96099999999998  ,  0.8898809523809523 , 0.011637839048728024 , 0.010803458582941431 , 5.3979862153567515   , linear      , 0.27424749163879597 ,  680.76             ,      494.59925925925927 , 216.16074074074072  ,  73.12609632636696  , True         , 0.05050665049488371 , False           , 20.188963226871802 , 74.75              , 3.038046823259897  ,  94.93896322687179 ,      0.228125, 0.06706875          , 2.1462            , 0.16105625           , 5.1538              ,  589.4770505762539
B05  , Sartorius BIOSTAT B, LABMAN LMSP-V325 ,     1.0,     90, 265.0 ,    921.0 ,  30.8   ,          , mL/h     , 3111.0            , 1205.999999999999   ,               350.0, 307.0               , 76.75              , 238.76925000000003  ,  0.8527777777777777 , 0.017576051126379538 , 0.016510310982425294 , 5.475497604382807    , linear      , 0.28773072747014117 ,  747.72             ,      534.1731481481482  , 243.54685185185178  ,  78.28571258497324  , True         , 0.046739686957177264, False           , 31.67915919752853  , 76.75              , 3.469733094320913  , 108.42915919752853 ,      0.228125, 0.07026249999999999 , 2.2483999999999997, 0.15786250000000002  , 5.0516000000000005  ,  686.8582418087166
B05  , Sartorius BIOSTAT B, LABMAN LMSP-V325 ,     1.0,     96, 293.0 ,   1011.0 ,  27.9   ,          , mL/h     , 3238.5            , 1336.499999999999   ,               350.0, 337.0               , 84.25              , 272.84362500000003  ,  0.8776041666666666 , 0.015184562784905506 , 0.015599995698600221 , 5.608898828873306    , linear      , 0.2898120672601385  ,  828.63             ,      609.8939814814815  , 248.73601851851845  ,  76.80593438892032  , True         , 0.051128187437034664, False           , 32.85749094017672  , 84.25              , 3.7474397100856547 , 117.1074909401767  ,      0.228125, 0.06364687499999999 , 2.0366999999999997, 0.164478125          , 5.2633              ,  711.9943210696055
B05  , Sartorius BIOSTAT B, LABMAN LMSP-V325 ,     1.0,    102, 296.0 ,   1020.0 ,  26.3   ,          , mL/h     , 3370.5            , 1471.499999999999   ,               350.0, 340.0               , 85.0               , 286.4925            ,  0.8333333333333334 , 0.012293495991930156 , 0.013381720734937702 , 5.657712357801673    , linear      , 0.2901960784313726  ,  912.33             ,      640.2248148148149  , 302.1051851851852   ,  89.63215700495036  , True         , 0.048692374145920043, False           , 28.43615656174262  , 85.0               , 3.629957009975764  , 113.43615656174262 ,      0.228125, 0.059996875         , 1.9199            , 0.168128125          , 5.3801              ,  674.7006579758302
B05  , Sartorius BIOSTAT B, LABMAN LMSP-V325 ,     1.0,    108, 304.0 ,   1082.0 ,  25.5   ,          , mL/h     , 3507.0            , 1610.999999999999   ,               350.0, 360.6666666666667   , 90.16666666666667  , 316.21450000000004  ,  0.8348765432098766 , 0.01188625538863941  , 0.010042847648186911 , 5.756420780776468    , linear      , 0.2809611829944547  ,  998.82             ,      706.2737037037039  , 322.5462962962963   ,  91.97214037533399  , True         , 0.05293874885560275 , False           , 22.63825240695466  , 90.16666666666667  , 3.6097574103558827 , 112.80491907362133 ,      0.228125, 0.058171875         , 1.8615            , 0.16995312499999998  , 5.4384999999999994  ,  663.7413644122245
B05  , Sartorius BIOSTAT B, LABMAN LMSP-V325 ,     1.0,    114, 302.0 ,   1067.0 ,  26.8   ,          , mL/h     , 3716.0            , 1772.999999999999   ,               400.0, 355.6666666666667   , 88.91666666666667  , 330.4143333333334   ,  0.7799707602339182 , 0.004250290281131219 , 0.004250290281131219 , 5.800347422465346    , stationary  , 0.2830365510777882  , 1099.26             ,      737.8288888888891  , 391.4311111111109   , 105.33668221504598  , True         , 0.059107605299608665, False           ,  9.44804110409794  , 88.91666666666667  , 3.1476706486644677 ,  98.36470777076461 ,      0.228125, 0.061137500000000004, 1.9564000000000001, 0.16698749999999998  , 5.3435999999999995  ,  589.0543170642391
B05  , Sartorius BIOSTAT B, LABMAN LMSP-V325 ,     1.0,    120, 296.0 ,   1021.0 ,  95.1   ,          , mL/h     , 3911.0            , 1970.999999999999   ,               400.0, 340.3333333333333   , 85.08333333333333  , 332.7609166666667   ,  0.7090277777777777 , 0.0011794736141161148, 0.0011794736141161148, 5.807424264150042    , stationary  , 0.2899118511263467  , 1222.02             ,      743.0435185185186  , 508.9764814814814   , 130.13972934837162  , True         , 0.06707518486120288 , False           ,  2.508838666692819 , 85.08333333333333  , 2.802949504000837  ,  87.59217200002615 ,      0.228125, 0.21694687499999998 , 6.9422999999999995, 0.011178125000000011 , 0.35770000000000035 , 7836.03439754217
B06  , Sartorius BIOSTAT B, LABMAN LMSP-V325 ,     1.0,      0,   1.96,     17.9 ,         ,          , mL/h     , 1600.0            ,    0.0              ,                 0.0,   5.966666666666666 ,  1.4916666666666665,   2.3866666666666663,                     , 0.11474553598767068  , 0.11474553598767068  , 0.8698976923044444   , exponential , 0.10949720670391062 ,    0.0              ,        0.0              ,  30.0               ,  18.75              , True         , 0.0                 , False           ,  4.279052279540219 ,  1.4916666666666665, 0.1846630062786203 ,   5.770718946206885,              ,                     ,                   ,                      ,                     ,     
B06  , Sartorius BIOSTAT B, LABMAN LMSP-V325 ,     1.0,      6,   5.16,     35.7 ,         ,          , mL/h     , 1597.0            ,    0.0              ,                 0.0,  11.9               ,  2.975             ,   4.751075          ,  0.49583333333333335, 0.10829838998200336  , 0.10829838998200336  , 1.5583709082304684   , exponential , 0.1445378151260504  ,    0.0              ,        5.254240740740742,  24.74575925925926  ,  15.495152948816067 , True         , 0.0                 , False           ,  8.0546927549115   ,  2.975             , 0.35295016815716795,  11.0296927549115  ,              ,                     ,                   ,                      ,                     ,     
B06  , Sartorius BIOSTAT B, LABMAN LMSP-V325 ,     1.0,     12,  17.6 ,     65.9 ,         ,          , mL/h     , 1594.0            ,    0.0              ,                 0.0,  21.96666666666667  ,  5.491666666666667 ,   8.753716666666667 ,  0.45763888888888893, 0.08076888793554787  , 0.09333019277142375  , 2.1694783720884847   , exponential , 0.26707132018209406 ,    0.0              ,       14.149000000000001,  15.850999999999999 ,   9.944165621079046 , True         , 0.0                 , False           , 12.813457715910053 ,  5.491666666666667 , 0.5857639802424551 ,  18.30512438257672 ,              ,                     ,                   ,                      ,                     ,     
B06  , Sartorius BIOSTAT B, LABMAN LMSP-V325 ,     1.0,     18,  30.6 ,     93.4 ,         ,          , mL/h     , 1609.0            ,   17.999999999999986,                 0.0,  31.133333333333336 ,  7.783333333333334 ,  12.523383333333335 ,  0.43240740740740746, 0.1002442332698994   , 0.0930558299383095   , 2.527597563457043    , linear      , 0.32762312633832974 ,   11.159999999999998,       22.526037037037042,  18.633962962962954 ,  11.581083258522657 , True         , 0.2227832468063076  , False           , 18.10711357549606  ,  7.783333333333334 , 0.8284943010825407 ,  25.890446908829396,              ,                     ,                   ,                      ,                     ,     
B06  , Sartorius BIOSTAT B, LABMAN LMSP-V325 ,     1.0,     24,  55.7 ,    184.0 ,         ,          , mL/h     , 1901.0            ,   62.99999999999994 ,               250.0,  61.333333333333336 , 15.333333333333334 ,  29.148666666666667 ,  0.638888888888889  , 0.08826307298810128  , 0.08337693891808963  , 3.3724091713272775   , linear      , 0.3027173913043478  ,   39.059999999999995,       59.471111111111114,   9.588888888888889 ,   5.044128821088316 , True         , 0.19143242686915352 , False           , 31.961159918601023 , 15.333333333333334 , 1.5134237840618994 ,  47.294493251934355,              ,                     ,                   ,                      ,                     ,     
B06  , Sartorius BIOSTAT B, LABMAN LMSP-V325 ,     1.0,     30,  60.0 ,    220.0 ,         ,          , mL/h     , 1970.0            ,  134.99999999999994 ,               250.0,  73.33333333333333  , 18.333333333333332 ,  36.11666666666667  ,  0.611111111111111  , 0.05022875962841319  , 0.058465025370969224 , 3.5867544393142583   , linear      , 0.2727272727272727  ,   83.69999999999999 ,       74.95555555555556 ,  38.744444444444426 ,  19.6672306824591   , True         , 0.30899861559760033 , True            , 26.79646996169423  , 18.333333333333332 , 1.4441537054408817 ,  45.12980329502756 ,              ,                     ,                   ,                      ,                     ,     
B06  , Sartorius BIOSTAT B, LABMAN LMSP-V325 ,     1.0,     36,  65.0 ,    308.0 ,         ,          , mL/h     , 2075.0            ,  242.99999999999983 ,               250.0, 102.66666666666667  , 25.666666666666668 ,  53.25833333333334  ,  0.712962962962963  , 0.048549543212564106 , 0.046837057340452876 , 3.9751542868682357   , linear      , 0.21103896103896103 ,  150.65999999999997 ,      113.04814814814816 ,  67.61185185185181  ,  32.58402498884424  , True         , 0.20954467219527456 , False           , 30.05377846012393  , 25.666666666666668 , 1.783054244057299  ,  55.720445126790594,              ,                     ,                   ,                      ,                     ,     
B06  , Sartorius BIOSTAT B, LABMAN LMSP-V325 ,     1.0,     42,  98.0 ,    356.0 ,         ,          , mL/h     , 2180.0            ,  350.9999999999997  ,               250.0, 118.66666666666667  , 29.666666666666668 ,  64.67333333333335  ,  0.7063492063492064 , 0.04954390676579604  , 0.04834205366552933  , 4.169348957865028    , linear      , 0.2752808988764045  ,  217.61999999999995 ,      138.41481481481483 , 109.20518518518512  ,  50.094121644580326 , True         , 0.17255952994536639 , False           , 35.85368980193425  , 29.666666666666668 , 2.0966514069952296 ,  65.52035646860092 ,              ,                     ,                   ,                      ,                     ,     
B06  , Sartorius BIOSTAT B, LABMAN LMSP-V325 ,     1.0,     48, 120.0 ,    496.0 ,         ,          , mL/h     , 2335.0            ,  458.9999999999996  ,               300.0, 165.33333333333334  , 41.333333333333336 ,  96.51333333333334  ,  0.8611111111111112 , 0.03950933515464894  , 0.03676022779364343  , 4.569681168057788    , linear      , 0.24193548387096775 ,  284.5799999999999  ,      209.17037037037036 , 105.40962962962956  ,  45.143310333888465 , True         , 0.11563169164882225 , False           , 37.985568720098215 , 41.333333333333336 , 2.53820486570981   ,  79.31890205343156 ,              ,                     ,                   ,                      ,                     ,     
B06  , Sartorius BIOSTAT B, LABMAN LMSP-V325 ,     1.0,     54, 140.0 ,    511.0 ,         ,          , mL/h     , 2440.0            ,  566.9999999999995  ,               300.0, 170.33333333333334  , 42.583333333333336 , 103.90333333333334  ,  0.7885802469135803 , 0.018764932748774443 , 0.02300678914415671  , 4.643460979720815    , linear      , 0.273972602739726   ,  351.5399999999999  ,      225.59259259259258 , 155.94740740740733  ,  63.91287188828169  , True         , 0.10740752622630007 , False           , 24.4926442763835   , 42.583333333333336 , 2.146431283510939  ,  67.07597760971684 ,              ,                     ,                   ,                      ,                     ,     
B06  , Sartorius BIOSTAT B, LABMAN LMSP-V325 ,     1.0,     60, 165.0 ,    570.0 ,         ,          , mL/h     , 2545.0            ,  674.9999999999994  ,               300.0, 190.0               , 47.5               , 120.8875            ,  0.7916666666666666 , 0.019702723129555455 , 0.019125731586173724 , 4.7948603610430816   , linear      , 0.2894736842105263  ,  418.4999999999999  ,      263.3351851851852  , 185.1648148148147   ,  72.75631230444586  , True         , 0.09231723710061006 , False           , 22.711806258581298 , 47.5               , 2.246777800274602  ,  70.2118062585813  ,              ,                     ,                   ,                      ,                     ,     
B06  , Sartorius BIOSTAT B, LABMAN LMSP-V325 ,     1.0,     66, 178.0 ,    596.0 ,         ,          , mL/h     , 2650.0            ,  782.9999999999993  ,               300.0, 198.66666666666666  , 49.666666666666664 , 131.61666666666665  ,  0.7525252525252525 , 0.02522640526558188  , 0.024468186617562893 , 4.87989365727548     , linear      , 0.2986577181208054  ,  485.45999999999987 ,      287.17777777777775 , 228.28222222222206  ,  86.14423480083852  , True         , 0.08479169304799292 , False           , 30.381331716807257 , 49.666666666666664 , 2.5615359482711657 ,  80.04799838347392 ,              ,                     ,                   ,                      ,                     ,     
B06  , Sartorius BIOSTAT B, LABMAN LMSP-V325 ,     1.0,     72, 209.0 ,    700.0 ,         ,          , mL/h     , 2805.0            ,  890.9999999999992  ,               350.0, 233.33333333333334  , 58.333333333333336 , 163.62500000000003  ,  0.8101851851851852 , 0.0249712461315638   , 0.022662764638388892 , 5.097577224230064    , linear      , 0.2985714285714286  ,  552.4199999999998  ,      358.3074074074075  , 224.11259259259236  ,  79.89753746616483  , True         , 0.06820473644003054 , False           , 33.04986509765047  , 58.333333333333336 , 2.9242623497914817 ,  91.3831984309838  ,              ,                     ,                   ,                      ,                     ,     
B06  , Sartorius BIOSTAT B, LABMAN LMSP-V325 ,     1.0,     78, 220.0 ,    729.0 ,         ,          , mL/h     , 2923.5            , 1012.4999999999992  ,               350.0, 243.0               , 60.75              , 177.60262500000002  ,  0.7788461538461539 , 0.017418396929099522 , 0.02224560508834331  , 5.179548610854246    , linear      , 0.3017832647462277  ,  627.7499999999999  ,      389.36879629629635 , 268.38120370370353  ,  91.80133528431794  , True         , 0.07854613635355895 , False           , 33.7855127279214   , 60.75              , 3.0251364072934854 ,  94.53551272792141 ,              ,                     ,                   ,                      ,                     ,     
B06  , Sartorius BIOSTAT B, LABMAN LMSP-V325 ,     1.0,     84, 240.0 ,    792.0 ,         ,          , mL/h     , 3055.5            , 1147.499999999999   ,               350.0, 264.0               , 66.0               , 201.66299999999998  ,  0.7857142857142857 , 0.027981292946828013 , 0.02492963638439201  , 5.306597987379258    , linear      , 0.30303030303030304 ,  711.4499999999999  ,      442.83629629629627 , 298.61370370370366  ,  97.72989811935973  , True         , 0.06917481144285269 , False           , 41.13390003424682  , 66.0               , 3.428284801095898  , 107.13390003424682 ,              ,                     ,                   ,                      ,                     ,     
B06  , Sartorius BIOSTAT B, LABMAN LMSP-V325 ,     1.0,     90, 256.0 ,    906.0 ,         ,          , mL/h     , 3291.0            , 1295.999999999999   ,               440.0, 302.0               , 75.5               , 248.4705            ,  0.8388888888888889 , 0.025755940948877454 , 0.024626699217680518 , 5.515324126216182    , linear      , 0.282560706401766   ,  848.52             ,      546.8529629629629  , 331.66703703703706  , 100.78001733121758  , True         , 0.06737218301569    , False           , 46.482894773371974 , 75.5               , 3.9034526327479036 , 121.98289477337198 ,              ,                     ,                   ,                      ,                     ,     
B06  , Sartorius BIOSTAT B, LABMAN LMSP-V325 ,     1.0,     96, 264.0 ,    937.0 ,         ,          , mL/h     , 3518.0            , 1475.9999999999993  ,               490.0, 312.3333333333333   , 78.08333333333333  , 274.69716666666665  ,  0.8133680555555555 , 0.015441007594462874 , 0.018017622173175766 , 5.615669278765788    , linear      , 0.28175026680896476 ,  960.12             ,      605.1344444444444  , 384.9855555555556   , 109.43307434779864  , True         , 0.0710964741172552  , False           , 35.171899950553524 , 78.08333333333333  , 3.6241674650843794 , 113.25523328388685 ,              ,                     ,                   ,                      ,                     ,     
B06  , Sartorius BIOSTAT B, LABMAN LMSP-V325 ,     1.0,    102, 276.0 ,    963.0 ,         ,          , mL/h     , 3726.5            , 1687.499999999999   ,               490.0, 321.0               , 80.25              , 299.051625          ,  0.7867647058823529 , 0.014909646406763658 , 0.013703623058385682 , 5.700616217349737    , linear      , 0.2866043613707165  , 1091.25             ,      659.255462962963   , 461.99453703703705  , 123.97545606790206  , True         , 0.07463594287441172 , False           , 27.492893760886272 , 80.25              , 3.4477726003483604 , 107.74289376088626 ,              ,                     ,                   ,                      ,                     ,     
B06  , Sartorius BIOSTAT B, LABMAN LMSP-V325 ,     1.0,    108, 285.0 ,    995.0 ,         ,          , mL/h     , 3962.0000000000005, 1925.9999999999993  ,               490.0, 331.6666666666667   , 82.91666666666667  , 328.51583333333343  ,  0.7677469135802469 , 0.011974507490642253 , 0.011775230780747575 , 5.794585035646952    , linear      , 0.2864321608040201  , 1239.12             ,      724.7314814814816  , 544.3885185185183   , 137.4024529324882   , True         , 0.0764346720985036  , False           , 24.409072139257994 , 82.91666666666667  , 3.4344236417895893 , 107.32573880592466 ,              ,                     ,                   ,                      ,                     ,     
B06  , Sartorius BIOSTAT B, LABMAN LMSP-V325 ,     1.0,    114, 283.0 ,    986.0 ,         ,          , mL/h     , 4202.000000000001 , 2168.9999999999995  ,               490.0, 328.6666666666667   , 82.16666666666667  , 345.2643333333334   ,  0.7207602339181287 , 0.008518513348704237 , 0.008518513348704237 , 5.844310307237444    , stationary  , 0.2870182555780933  , 1389.78             ,      761.9503703703705  , 657.8296296296295   , 156.5515539337528   , True         , 0.07272688654972564 , False           , 17.49844617046329  , 82.16666666666667  , 3.1892836107881584 ,  99.66511283712995 ,              ,                     ,                   ,                      ,                     ,     
B06  , Sartorius BIOSTAT B, LABMAN LMSP-V325 ,     1.0,    120, 282.0 ,    983.0 ,         ,          , mL/h     , 4442.000000000001 , 2412.0              ,               490.0, 327.6666666666667   , 81.91666666666667  , 363.87383333333344  ,  0.6826388888888889 , 0.008749481432326492 , 0.008749481432326492 , 5.896807195831403    , stationary  , 0.28687690742624616 , 1540.44             ,      803.304814814815   , 767.135185185185    , 172.70040188770483  , True         , 0.0                 , False           , 17.918208849951963 , 81.91666666666667  , 3.1947160165317965 ,  99.83487551661864 ,              ,                     ,                   ,                      ,                     ,     
